prefix,status,h,mode,lr,decay,epochs,seed,epochs_done,sec_per_epoch,best_epoch,best_valid_loss,best_valid_auc,best_valid_br03,last_valid_loss,last_valid_auc,last_train_loss,last_train_auc,test_auc_best,test_br03_best,test_acc_best,test_auc_final,test_br03_final,datadir
cap24_h2_float_lr0p0025_e20_s1,done,2,float,0.0025,cos,20,1,20,302.8,16,0.2592,0.9498,62.1,0.2597,0.9496,0.2836,0.9422,0.9505,62.3,0.8992,0.9503,61.3,data/toptag24
cap24_h2_float_lr0p0025_e20_s2,done,2,float,0.0025,cos,20,2,20,328.8,11,0.2389,0.9587,70.4,0.2461,0.9588,0.2643,0.9512,0.9596,72.4,0.9077,0.9596,71.8,data/toptag24
cap24_h2_float_lr0p0025_e20_s3,done,2,float,0.0025,cos,20,3,20,348.3,6,0.2591,0.9497,61.9,0.2595,0.9497,0.2836,0.9423,0.9505,62.5,0.8994,0.9504,61.6,data/toptag24
cap24_h4_float_lr0p0025_e20_s1,done,4,float,0.0025,cos,20,1,20,404.4,10,0.225,0.9653,99.4,0.2276,0.9654,0.2505,0.9575,0.9658,105.1,0.9115,0.966,104.2,data/toptag24
cap24_h4_float_lr0p0025_e20_s2,done,4,float,0.0025,cos,20,2,20,460.0,11,0.2243,0.9652,99.1,0.2274,0.9652,0.2504,0.9575,0.9657,104.0,0.9118,0.9658,104.9,data/toptag24
cap24_h4_float_lr0p0025_e20_s3,done,4,float,0.0025,cos,20,3,20,378.9,12,0.2245,0.9649,95.4,0.228,0.9653,0.2504,0.9577,0.9655,100.3,0.9125,0.9658,102.5,data/toptag24
cap24_h2_qatf12_lr0p0025_e20_s1,done,2,qatf12,0.0025,cos,20,1,20,468.0,20,0.2823,0.9321,16.1,0.2823,0.9321,0.3036,0.9265,0.9326,16.2,0.8943,0.9326,16.2,data/toptag24
cap24_h2_qatf12_lr0p0025_e20_s2,done,2,qatf12,0.0025,cos,20,2,20,539.4,20,0.2515,0.9574,101.9,0.2515,0.9574,0.2763,0.948,0.9577,99.6,0.8998,0.9577,99.6,data/toptag24
cap24_h2_qatf12_lr0p0025_e20_s3,done,2,qatf12,0.0025,cos,20,3,20,502.8,19,0.2658,0.95,53.0,0.2743,0.949,0.292,0.9406,0.9504,52.2,0.8957,0.9494,65.3,data/toptag24
cap24_h2_qatf12_lr0p0025_e20_s4,done,2,qatf12,0.0025,cos,20,4,20,367.3,16,0.2503,0.9576,91.3,0.2517,0.9575,0.2799,0.9477,0.9579,90.6,0.9015,0.9579,84.6,data/toptag24
cap24_h4_qatf12_lr0p0025_e20_s1,done,4,qatf12,0.0025,cos,20,1,20,578.8,17,0.2432,0.9591,104.9,0.2477,0.9586,0.271,0.9503,0.9595,106.7,0.9033,0.9589,88.5,data/toptag24
cap24_h4_qatf12_lr0p0025_e20_s2,done,4,qatf12,0.0025,cos,20,2,20,590.4,12,0.246,0.9578,91.3,0.2888,0.9555,0.2724,0.9496,0.9582,92.0,0.9033,0.9562,70.7,data/toptag24
cap24_h4_qatf12_lr0p0025_e20_s3,done,4,qatf12,0.0025,cos,20,3,20,490.8,7,0.247,0.9605,132.0,0.259,0.9571,0.282,0.9471,0.9608,128.3,0.9004,0.9578,112.4,data/toptag24
