h,mode,lr,decay,epochs,n_seeds,test_auc_mean,test_auc_std,test_auc_max,test_br03_mean,test_br03_std,best_valid_loss_mean,best_epoch_mean,seeds
2,float,0.001,cos,20,1,0.9532,0.0,0.9532,84.8,0.0,0.2599,18,1
2,float,0.0025,cos,8,1,0.9511,0.0,0.9511,77.7,0.0,0.2625,5,1
2,float,0.0025,cos,20,3,0.9561,0.0052,0.9621,85.1,0.4,0.2516,16.3,1 2 3
2,float,0.005,cos,20,1,0.9529,0.0,0.9529,85.6,0.0,0.2599,5,1
4,float,0.001,cos,20,1,0.9622,0.0,0.9622,87.0,0.0,0.2345,10,1
4,float,0.0025,cos,8,1,0.9613,0.0,0.9613,85.9,0.0,0.2364,4,1
4,float,0.0025,cos,20,3,0.9657,0.0003,0.966,110.6,2.7,0.2257,10.3,1 2 3
4,float,0.005,cos,20,1,0.9656,0.0,0.9656,110.2,0.0,0.225,9,1
2,q24,0.0025,cos,8,1,0.958,0.0,0.958,78.8,0.0,0.2525,5,1
4,q24,0.0025,cos,8,1,0.9622,0.0,0.9622,97.3,0.0,0.235,4,1
2,qat,0.0025,cos,8,1,0.9521,0.0,0.9521,65.7,0.0,0.2651,8,1
2,qat,0.0025,cos,20,1,0.9525,0.0,0.9525,70.9,0.0,0.2653,17,1
4,qat,0.0025,cos,8,1,0.9576,0.0,0.9576,111.2,0.0,0.2507,8,1
4,qat,0.0025,cos,20,1,0.9607,0.0,0.9607,91.8,0.0,0.2443,15,1
2,qatf,0.0025,cos,8,1,0.9525,0.0,0.9525,79.7,0.0,0.271,8,1
2,qatf,0.0025,cos,20,3,0.955,0.0018,0.9569,89.4,12.0,0.2612,18,1 2 3
4,qatf,0.0025,cos,8,1,0.9597,0.0,0.9597,104.2,0.0,0.2446,8,1
4,qatf,0.0025,cos,20,3,0.9595,0.0011,0.9607,90.4,9.4,0.2457,15,1 2 3
2,qatf12,0.001,cos,20,1,0.9579,0.0,0.9579,107.9,0.0,0.25,16,1
2,qatf12,0.0025,cos,20,3,0.9547,0.0013,0.956,80.1,13.4,0.258,17.3,1 2 3
2,qatf12,0.005,cos,20,1,0.9583,0.0,0.9583,109.3,0.0,0.2476,15,1
4,qatf12,0.001,cos,20,1,0.9573,0.0,0.9573,88.0,0.0,0.2503,18,1
4,qatf12,0.0025,cos,20,3,0.9618,0.0011,0.9625,108.9,18.6,0.2394,16.7,1 2 3
4,qatf12,0.005,cos,20,1,0.9608,0.0,0.9608,98.1,0.0,0.2419,19,1
